数据结构,逻辑结构,研究对象
数据结构,物理结构,研究对象
数据结构,存储结构,研究对象
数据结构,线性结构,分类
数据结构,非线性结构,分类
数据结构,数组,包括
数据结构,栈,包括
数据结构,队列,包括
数据结构,链表,包括
数据结构,树,包括
数据结构,图,包括
数据结构,堆,包括
数据结构,散列表,包括
数据结构,检索,常用算法
数据结构,插入,常用算法
数据结构,删除,常用算法
数据结构,更新,常用算法
数据结构,排序,常用算法
物理结构,存储结构,也称为
逻辑结构,集合,包括
逻辑结构,线性结构,包括
逻辑结构,树形结构,包括
逻辑结构,图形结构,包括
存储结构,顺序存储,包括
存储结构,链式存储,包括
存储结构,索引存储,包括
存储结构,哈希存储,包括
线性表,线性结构,属于
栈,线性结构,属于
队列,线性结构,属于
串,线性结构,属于
数组,非线性结构,属于
广义表,非线性结构,属于
树形结构,非线性结构,属于
图形结构,非线性结构,属于
树,非线性结构,属于
图,非线性结构,属于
数组,数值数组,分类
数组,字符数组,分类
数组,指针数组,分类
数组,结构数组,分类
算法,有穷性,特性
算法,确定性,特性
算法,可行性,特性
算法,输入,特性
算法,输出,特性
算法效率,时间复杂度,度量
算法效率,空间复杂度,度量
线性表,栈,受限
线性表,队列,受限
线性表,串,受限
线性表,数组,推广
线性表,广义表,推广
树形结构,树,包括
树形结构,二叉树,包括
图形结构,有向图,包括
图形结构,无向图,包括
线性表,顺序表,顺序存储
线性表,单链表,链式存储
线性表,双链表,链式存储
线性表,循环链表,链式存储
线性表,静态链表,链式存储
线性表,线性表的定义,包括
线性表,线性表的基本操作,包括
线性表的基本操作,初始化线性表,包括
线性表的基本操作,求线性表长,包括
线性表的基本操作,线性表按值查找,包括
线性表的基本操作,线性表按位查找,包括
顺序表,顺序表的定义,包括
顺序表,顺序表的基本操作,包括
顺序表的基本操作,顺序表的插入,包括
顺序表的基本操作,顺序表的删除,包括
单链表,单链表的定义,包括
单链表,单链表的基本操作,包括
单链表的基本操作,头插法建立单链表,包括
单链表的基本操作,尾插法建立单链表,包括
单链表的基本操作,单链表按序号查找结点值,包括
单链表的基本操作,单链表按值查找表结点,包括
双链表,双链表的基本操作,包括
双链表的基本操作,双链表的插入,包括
双链表的基本操作,双链表的删除,包括
循环链表,循环单链表,包括
循环链表,循环双链表,包括
栈,顺序栈,顺序存储
栈,链栈,链式存储
栈,共享栈,包括
栈,栈的定义,包括
栈,栈的基本操作,包括
队列,循环队列,顺序存储
队列,链式队列,链式存储
队列,双端队列,包括
队列,队列的基本概念,包括
队列,队,简称
队列的基本概念,队头,包括
队列的基本概念,队尾,包括
数组,一维数组,包括
数组,多维数组,包括
多维数组,压缩存储,包括
多维数组,稀疏矩阵,包括
顺序栈,顺序栈的实现,包括
顺序栈,顺序栈的基本运算,包括
链式队列,链式队列的基本操作,包括
链式队列的基本操作,链式队列初始化,包括
链式队列的基本操作,链式队列判空,包括
串,串的基本概念,包括
串,串的存储结构,包括
串,模式匹配算法,包括
串的基本概念,主串,包括
串的基本概念,子串,包括
串的基本概念,串长,包括
串的存储结构,定长顺序存储,包括
串的存储结构,堆分配存储,包括
串的存储结构,块链存储,包括
模式匹配算法,暴力匹配算法,包括
模式匹配算法,KMP算法,包括
树,树的基本概念,包括
树,树的定义,包括
树,树的基本术语,包括
树的基本术语,结点的度,包括
树的基本术语,结点的深度,包括
树的基本术语,结点的高度,包括
树的基本术语,树的度,包括
树的基本术语,树的高度,包括
树的基本术语,有序树,包括
树的基本术语,无序树,包括
二叉树,满二叉树,包括
二叉树,完全二叉树,包括
二叉树,二叉排序树,包括
二叉树,二叉树的顺序存储结构,包括
二叉树,二叉树的链式存储结构,包括
二叉树,二叉树的遍历,包括
二叉树,线索二叉树,包括
二叉树的遍历,先序遍历,包括
二叉树的遍历,中序遍历,包括
二叉树的遍历,后序遍历,包括
二叉树的遍历,层次遍历,包括
线索二叉树,先序线索二叉树,包括
线索二叉树,中序线索二叉树,包括
线索二叉树,后序线索二叉树,包括
树,双亲表示法,存储结构
树,孩子表示法,存储结构
树,孩子兄弟表示法,存储结构
树,并查集,应用
树,哈夫曼树,应用
二叉排序树,二叉排序树的定义,包括
二叉排序树,二叉排序树的查找,包括
二叉排序树,二叉排序树的插入,包括
二叉排序树,二叉排序树的构造,包括
二叉排序树,二叉排序树的删除,包括
平衡二叉树,平衡二叉树的定义,包括
平衡二叉树,平衡二叉树的插入,包括
平衡二叉树,平衡二叉树的查找,包括
平衡二叉树的插入,LL平衡旋转,包括
平衡二叉树的插入,RR平衡旋转,包括
平衡二叉树的插入,LR平衡旋转,包括
平衡二叉树的插入,RL平衡旋转,包括
哈夫曼树,哈夫曼树的定义,包括
哈夫曼树,哈夫曼树的构造,包括
哈夫曼树,哈夫曼编码,包括
图,图的定义,包括
图,图的存储,包括
图,图的遍历,包括
图,图的应用,包括
图,图的基本操作,包括
图的存储,邻接矩阵法,包括
图的存储,邻接表法,包括
图的存储,邻接多重表,包括
图的存储,十字链表,包括
图的遍历,深度优先遍历,包括
图的遍历,广度优先遍历,包括
图的应用,最小生成树,包括
图的应用,最短路径,包括
图的应用,拓扑排序,包括
图的应用,关键路径,包括
最小生成树,Prim算法,包括
最小生成树,Kruskal算法,包括
最短路径,Dijkstra算法,包括
最短路径,Floyd算法,包括
拓扑排序,AOV网,包括
关键路径,AOE网,包括
图的定义,有向图,包括
图的定义,无向图,包括
图的定义,简单图,包括
图的定义,多重图,包括
图的定义,完全图,包括
图的定义,子图,包括
图的定义,连通,包括
图的定义,连通图,包括
图的定义,连通分量,包括
图的定义,强连通图,包括
图的定义,强连通分量,包括
图的定义,生成树,包括
图的定义,生成深林,包括
图的定义,顶点的度,包括
图的定义,入度,包括
图的定义,出度,包括
图的定义,权,包括
图的定义,网,包括
图的定义,稠密图,包括
图的定义,稀疏图,包括
图的定义,路径,包括
图的定义,路径长度,包括
图的定义,回路,包括
图的定义,简单路径,包括
图的定义,简单回路,包括
图的定义,距离,包括
图的定义,有向树,包括
查找,查找的基本概念,包括
查找,顺序查找,包括
查找,折半查找,包括
查找,分块查找,包括
查找,二叉排序树,包括
查找,平衡二叉树,包括
查找,B树,包括
查找,B+树,包括
查找,散列表,包括
查找的基本概念,查找表,包括
查找的基本概念,静态查找表,包括
查找的基本概念,关键字,包括
查找的基本概念,平均查找长度,包括
顺序查找,线性结构,属于
折半查找,线性结构,属于
分块查找,线性结构,属于
二叉排序树,树形结构,属于
二叉平衡树,树形结构,属于
B树,树形结构,属于
B+树,树形结构,属于
散列表,散列结构,属于
散列表,散列函数,包括
散列表,处理冲突的方法,包括
散列函数,散列函数的构造方法,包括
散列函数的构造方法,直接定址法,包括
散列函数的构造方法,除留余数法,包括
散列函数的构造方法,数字分析法,包括
散列函数的构造方法,平方取中法,包括
处理冲突的方法,开放地址法,包括
处理冲突的方法,拉链法,包括
开放地址法,线性探测法,包括
开放地址法,平方探测法,包括
开放地址法,再散列法,包括
开放地址法,伪随机序列法,包括
排序,直接插入排序,包括
排序,折半插入排序,包括
排序,希尔排序,包括
排序,冒泡排序,包括
排序,快速排序,包括
排序,简单选择排序,包括
排序,堆排序,包括
排序,归并排序,包括
排序,基数排序,包括
排序,多路归并排序,包括
直接插入排序,插入排序,属于
折半插入排序,插入排序,属于
希尔排序,插入排序,属于
冒泡排序,交换排序,属于
快速排序,交换排序,属于
简单选择排序,选择排序,属于
堆排序,选择排序,属于
插入排序,内部排序,属于
交换排序,内部排序,属于
选择排序,内部排序,属于
归并排序,内部排序,属于
基数排序,内部排序,属于
多路归并排序,外部排序,属于
