数据结构,逻辑结构,研究对象,一级概念,二级概念
数据结构,物理结构,研究对象,一级概念,二级概念
数据结构,存储结构,研究对象,一级概念,二级概念
数据结构,线性结构,分类,一级概念,二级概念
数据结构,非线性结构,分类,一级概念,二级概念
数据结构,数组,包括,一级概念,二级概念
数据结构,栈,包括,一级概念,二级概念
数据结构,队列,包括,一级概念,二级概念
数据结构,链表,包括,一级概念,二级概念
数据结构,树,包括,一级概念,二级概念
数据结构,图,包括,一级概念,二级概念
数据结构,堆,包括,一级概念,二级概念
数据结构,散列表,包括,一级概念,二级概念
数据结构,检索,常用算法,一级概念,四级概念
数据结构,插入,常用算法,一级概念,四级概念
数据结构,删除,常用算法,一级概念,四级概念
数据结构,更新,常用算法,一级概念,四级概念
数据结构,排序,常用算法,一级概念,四级概念
物理结构,存储结构,也称为,二级概念,二级概念
逻辑结构,集合,包括,二级概念,三级概念
逻辑结构,线性结构,包括,二级概念,二级概念
逻辑结构,树形结构,包括,二级概念,二级概念
逻辑结构,图形结构,包括,二级概念,二级概念
存储结构,顺序存储,包括,二级概念,三级概念
存储结构,链式存储,包括,二级概念,三级概念
存储结构,索引存储,包括,二级概念,三级概念
存储结构,哈希存储,包括,二级概念,三级概念
线性表,线性结构,属于,二级概念,二级概念
栈,线性结构,属于,二级概念,二级概念
队列,线性结构,属于,二级概念,二级概念
串,线性结构,属于,二级概念,二级概念
数组,非线性结构,属于,二级概念,二级概念
广义表,非线性结构,属于,二级概念,二级概念
树形结构,非线性结构,属于,二级概念,二级概念
图形结构,非线性结构,属于,二级概念,二级概念
数组,数值数组,分类,二级概念,三级概念
数组,字符数组,分类,二级概念,三级概念
数组,指针数组,分类,二级概念,三级概念
数组,结构数组,分类,二级概念,三级概念